,Uganda_USDUGX,SA_USDSAR,Kenya_USDKES,Tanzania_USDTZS,Zambia_USDZMW,91-day Treasury Bill Yield (Uganda),Bankrate (SA),Interbank rate (Kenya),Treasury bill 91 days (Tanzania),Weighted interbank rate (Zambia),spx returns,usrate
2003-01-31,0.013213922,-0.019349536,-0.020239664,0.026157646,,2.436917126,2.34034144,-0.695151591,1.513246287,,-0.003723014,1.189047619
2003-02-28,0.008569103,-0.050910396,-0.013205523,0.018745154,,2.551330604,2.371637169,0.360663427,1.356091479,,-0.067194824,1.185263158
2003-03-31,0.031800281,-0.01866501,-0.002894415,0.011056549,,2.462099928,2.403764351,0.401734534,1.617268161,,0.010690359,1.150952381
2003-04-30,0.014842915,-0.067671583,-0.020038208,0.009500402,,2.525398011,2.403112668,1.273213579,1.649929274,,0.049996716,1.152380952
2003-05-31,0.010234627,0.028358559,-0.038620092,-0.002516629,,2.748784664,2.440019145,-0.607833086,1.601970274,,0.05032493,1.088095238
2003-06-30,-0.001800946,0.002387011,0.028286511,-0.000816268,,2.983707055,2.463149545,-0.023806052,1.874225094,,0.054102594,0.936190476
2003-07-31,-0.002142845,-0.032014176,0.011201029,0.002734274,,3.098422561,2.47348363,0.11535485,1.954689837,,0.00458623,0.920454545
2003-08-31,0.003069736,-0.016594746,0.018765004,-0.000137974,,2.834801907,2.354809158,-0.236781976,1.871991159,,-0.0030321,0.969047619
2003-09-30,-0.005923959,-0.026084072,0.026675137,0.003294663,,2.740421836,2.271228689,-0.08061927,2.033669003,,0.029778129,0.955238095
2003-10-31,0.001194438,-0.030710863,-0.012602986,-0.000405985,,2.927841938,2.153780458,-0.329812778,2.02003782,,0.018747722,0.941818182
2003-11-30,-0.013414055,-0.061174959,-0.012567753,0.004656525,,3.014229911,2.074140175,0.077908667,1.994866994,,0.010692843,0.952222222
2003-12-31,-0.036473682,0.008629805,-0.008697848,0.007829395,,3.15271903,2.085727657,-0.07151156,2.113521176,,0.028853829,0.914545455
2004-01-31,0.019683487,0.060498905,0.006505905,0.029450466,,3.100537388,2.132426907,0.482589022,2.069116349,,0.04689422,0.9005
2004-02-29,-0.024848035,-0.049281298,0.001616614,0.015513292,,2.724077071,2.07308433,0.44856915,2.036470071,,0.009525062,0.944736842
2004-03-31,0.024459434,-0.018564017,0.012852595,-0.000745871,,2.101762387,2.095008864,0.634366557,2.058533653,,-0.017092963,0.953478261
2004-04-30,-0.008032433,0.004436243,0.007301063,0.004276798,,1.710514913,2.09127483,0.648684122,2.122249634,,0.008063177,0.958095238
2004-05-31,-0.035162221,0.012513423,0.014728369,0.002042975,,1.753019641,2.005074536,0.613111761,2.001180955,,-0.027103123,1.0395
2004-06-30,-0.025962493,-0.053934417,0.001483048,-0.004009066,,1.603133423,1.806711819,0.329304956,1.784152048,,0.026818986,1.288095238
2004-07-31,-0.027695973,-0.034972145,0.010694618,-0.010946887,,1.625788946,1.759610152,0.32940032,1.788597689,,-0.024042924,1.357619048
2004-08-31,-0.016231506,0.060008526,0.007632391,-0.01408805,,1.593895927,1.589494362,0.474867801,1.717069811,,-0.015411115,1.503181818
2004-09-30,0.002940603,-0.000464279,-0.000591477,-0.015791749,,1.521576557,1.442912768,0.535425432,1.711445319,,0.026033234,1.681428571
2004-10-31,-0.00068585,-0.038002364,0.005791298,-0.005678318,,1.456493897,1.399854829,0.641839221,1.70578608,,0.000368475,1.7945
2004-11-30,0.003718782,-0.057883083,0.000923503,-0.0019362,,1.440548866,1.23446404,0.675477508,1.520418698,1.753882258,0.04449263,2.1075
2004-12-31,-0.000865614,-0.031177796,-0.022812074,-0.013683359,,1.463028155,1.187768603,1.210373544,1.466148283,1.866964317,0.025568854,2.222727273
2005-01-31,-0.005456151,0.055025479,-0.024027993,0.042431816,,1.355891677,1.121132006,1.21720059,1.402609302,1.79694773,-0.014957664,2.371
2005-02-28,-0.009814652,-0.023885764,-0.017001261,0.017375271,,1.249639198,1.029615774,1.132966656,1.22943649,1.329681905,0.015304004,2.579473684
2005-03-31,0.007446377,0.030355239,-0.028273961,-0.00340705,,1.088098205,0.94522903,1.078777796,1.071086859,1.013063019,-0.003949507,2.795909091
2005-04-30,0.037823832,0.008460979,0.02942122,-0.001053627,,1.154594923,0.890918688,1.07132833,1.0517005,1.346133135,-0.025834626,2.836666667
2005-05-31,-0.010744539,0.0492682,0.002846069,0.012302163,,1.142907078,0.844545471,1.015204519,1.016571086,1.309538419,0.011826139,2.901904762
2005-06-30,-0.016732252,0.043793822,0.000587832,0.006450843,,1.097613786,0.799992372,0.929319263,0.983669527,1.544340353,0.020147227,3.036363636
2005-07-31,0.014124937,-0.017000293,-0.006222388,0.007337571,,0.961634806,0.717041923,0.855318885,1.146859122,1.669785153,0.016483039,3.2875
2005-08-31,0.036350286,-0.03391227,-0.007088136,-0.001458789,,0.870264909,0.646749265,0.789843342,1.185249426,1.08143227,0.001662726,3.51826087
2005-09-30,0.011926244,-0.009988612,-0.024618174,0.002705913,,0.84073508,0.658117183,0.842753245,1.276198384,1.625819756,0.001342595,3.494285714
2005-10-31,-8.79E-05,0.042974029,-0.000936349,0.006677923,,0.733837327,0.58389718,0.745099454,1.311729918,1.337668982,-0.028085092,3.7925
2005-11-30,-0.008845106,-0.006796433,0.015077999,0.032553395,,0.648249293,0.55053491,0.683222639,1.256297143,1.246579593,0.037384014,3.9745
2005-12-31,-0.0111158,-0.031090427,-0.024949249,-0.021358572,,0.662214368,0.539973359,0.69523458,1.308841533,1.646285115,0.019768119,3.970952381
2006-01-31,0.001806137,-0.049702691,-0.012035251,0.018165531,,0.58717147,0.439251339,0.618725446,1.226322651,0.838129709,0.013107184,4.336
2006-02-28,0.002326621,0.006388013,-0.001006612,0.012980332,,0.515337171,0.3844339,0.577949197,1.181816104,0.323762408,-0.001626174,4.539473684
2006-03-31,-0.000757518,0.019236159,0.002774408,0.02268754,,0.496061017,0.345238127,0.551097298,1.064658901,0.514314457,0.013301163,4.627826087
2006-04-30,0.00425445,-0.027013155,-0.014842068,0.004374178,,0.489077062,0.346225938,0.512184637,0.958268674,0.300240825,0.006506104,4.721578947
2006-05-31,0.008896219,0.06696808,0.014045214,0.017810036,,0.411711225,0.342596036,0.481799386,0.72341746,0.333379381,-0.009400798,4.836363636
2006-06-30,0.011370852,0.086130034,0.021363132,0.007901226,,0.367248297,0.375942784,0.459994373,0.465116023,0.533001427,-0.029004689,4.917727273
2006-07-31,-0.005637818,-0.005852097,-0.002194093,0.015931395,,0.442240712,0.368716795,0.425613329,0.579247072,0.303269596,0.005663856,5.0765
2006-08-31,-0.000755791,0.004941622,-0.010369658,0.027541,,0.476770908,0.413207521,0.422835975,0.64476264,0.049733315,0.021130438,5.090434783
2006-09-30,0.002763597,0.068112549,0.001544826,-0.005931329,,0.601885589,0.457245099,0.454931176,0.814305177,0.474052218,0.023535651,4.93
2006-10-31,-0.010452988,-0.002336941,-0.010066968,-0.023611831,,0.544689428,0.493093608,0.431636567,0.884440356,0.663748788,0.034003438,5.046190476
2006-11-30,-0.01119386,-0.043075154,-0.020124925,0.020344168,,0.550753658,0.483484138,0.427558274,0.684569101,0.355623143,0.01834811,5.073333333
2006-12-31,-0.028353557,-0.021355936,-0.016662715,-0.019431314,,0.688511477,0.525635978,0.448298366,1.062510241,0.392036653,0.019813893,4.973
2007-01-31,0.01218755,0.020628071,0.007784816,0.018676312,,0.739976651,0.537357017,0.422000978,1.122756477,0.500936386,0.005450305,5.105238095
2007-02-28,-0.020848075,-0.002419623,-0.009137392,-0.017998888,,0.670987036,0.514564802,0.40980771,0.890559864,0.563974993,0.014384406,5.163157895
2007-03-31,0.000428388,0.017925837,-0.004762945,-0.020112631,,0.657071124,0.487806806,0.424481402,1.07806135,0.69511375,-0.026542092,5.08
2007-04-30,-0.016031308,-0.036261717,-0.009156375,0.011304953,,0.650992741,0.503374498,0.436468266,1.099277846,0.656187558,0.039506075,5.006666667
2007-05-31,-0.014923285,-0.004106327,-0.02391862,0.003003717,,0.679135949,0.558614794,0.461310194,0.90144582,0.943101495,0.031930619,4.867727273
2007-06-30,-0.043180834,0.014584169,-0.004627773,-0.011310766,,0.74614619,0.644113464,0.483221147,0.978843954,0.901439074,0.002216521,4.741904762
2007-07-31,0.024423774,-0.01722657,0.00565534,0.015327943,,0.700987358,0.595904582,0.432521105,0.954077986,0.745004244,0.004095451,4.960952381
2007-08-31,0.056470119,0.027486895,0.003281136,0.004627278,,0.552352375,0.752077169,0.563691994,1.159215187,1.090014653,-0.044431893,4.316956522
2007-09-30,-0.002800287,-0.027569582,-0.001728712,-0.029781832,,0.694595597,0.850262984,0.631282885,1.308428971,1.255995507,0.028798495,3.994210526
2007-10-31,-0.008730774,-0.052240263,-0.003833183,-0.081224045,,0.654244382,0.898717278,0.617170943,1.330364301,1.070473857,0.028020246,4.002727273
2007-11-30,-0.016918601,0.012001361,-0.024056468,-0.002188233,,0.830917601,1.118145024,0.779112215,1.215384562,1.210953895,-0.050808965,3.3545
2007-12-31,-0.002395561,0.018102521,-0.020296614,0.007772733,,0.971327216,1.228931833,0.852248989,1.171997911,1.220547546,0.010768923,3.0665
2008-01-31,0.004261287,0.031631285,0.070582883,0.006711449,,1.149314392,1.31177714,0.916290732,1.218756601,1.306990151,-0.070333353,2.82
2008-02-29,-0.008327867,0.090748866,0.020749504,-0.00541244,,1.339686726,1.556157461,1.157124176,1.176458828,1.584285212,-0.017480668,2.174
2008-03-31,-0.012716247,0.034351348,-0.090550098,0.035213329,,1.866664793,2.067882984,1.68096404,1.489119527,2.146029238,-0.028394223,1.2835
2008-04-30,0.00186174,-0.041090216,-0.029400463,0.027573415,,1.832720054,2.061700198,1.656477544,1.361740339,2.08471176,0.039840321,1.311818182
2008-05-31,-0.025944782,-0.010022072,0.003216083,-0.017584905,,1.548509601,1.804178657,1.356502738,1.031641663,1.80062692,0.023614816,1.764285714
2008-06-30,-0.014114993,0.038388057,0.037598502,-0.017730701,,1.514933453,1.795248338,1.28156337,1.114108725,1.763336671,-0.045165174,1.89047619
2008-07-31,0.005009065,-0.052361091,0.036079344,-0.0181798,,1.693423569,1.927836712,1.412386039,1.566852027,1.968526859,-0.064615192,1.655
2008-08-31,0.000968091,0.035473408,0.021103122,-0.002045321,,1.602075916,1.866030427,1.353467184,1.592837975,1.845697999,0.019022553,1.752857143
2008-09-30,0.020101332,0.041165433,0.055595504,0.002905258,,2.003206981,2.273907443,1.770644208,2.201093054,2.324864132,-0.051613838,1.146666667
2008-10-31,0.116661762,0.220309974,0.068624454,0.080976226,,2.649136066,2.763752582,2.293748952,2.717853986,3.028842702,-0.228091989,0.685909091
2008-11-30,0.035871301,0.009759898,0.009530452,0.001188354,,3.953005446,4.028314959,3.563048876,4.016305576,4.411495022,-0.092688443,0.193888889
2008-12-31,0.009052118,-0.047573304,-0.012759908,0.036155542,,5.888323788,5.74779936,5.254713729,5.794638304,5.928169697,-0.006223695,0.034090909
2009-01-31,0.012030316,0.030662407,0.021757377,0.0257258,,4.55367366,4.403228842,3.679077456,4.495079496,4.393543077,-0.013752797,0.1295
2009-02-28,-0.002469354,-0.012610912,0.007881504,-0.009816374,,3.54227598,3.420163734,2.799946401,3.703961229,3.552032155,-0.072269921,0.295263158
2009-03-31,0.055201664,-0.019483786,0.006092254,-0.013087905,,3.534377836,3.67560756,3.124727076,4.053010741,4.000361571,-0.061593916,0.215909091
2009-04-30,0.051197256,-0.102567792,-0.010592867,0.01814836,,3.669106947,3.959607624,3.513700999,4.200683515,4.349062663,0.113528986,0.158095238
2009-05-31,0.017232058,-0.0621644,-0.014987791,-0.008599216,,3.57215518,3.761068718,3.45292552,3.841818747,4.223818771,0.062007547,0.177
2009-06-30,-0.053108643,-0.03214409,-0.010635796,-0.011416558,0.007960241,3.54695232,3.706159319,2.994167983,3.438001136,4.206058895,0.025931117,0.178636364
2009-07-31,0.00123933,-0.005222927,-0.007308193,0.01213285,0.002309851,3.551095752,3.695737075,2.873452758,3.115493549,4.170495472,0.01042619,0.183636364
2009-08-31,-0.031362187,-0.012728365,-0.006954854,-0.006692782,-0.067205225,3.692336077,3.719852553,3.146984019,3.022112536,4.25257279,0.076007981,0.171904762
2009-09-30,-0.056126954,-0.048079279,-0.0116524,-0.010028109,-0.016097571,4.196998716,4.028724375,3.291459294,3.208006153,4.55926774,0.033910685,0.123333333
2009-10-31,-0.027434771,0.003679756,-0.0018117,0.011051942,-0.001613337,4.516759229,4.539728693,3.757017259,3.817712326,4.686253772,0.02188475,0.074285714
2009-11-30,-0.009047427,-0.00357615,-0.003032375,0.010518674,0.002687451,4.810787305,4.901827016,4.200371522,4.620307561,4.586177836,0.018931822,0.052105263
2009-12-31,0.022858893,0.003303053,0.009995268,0.000131255,0.005887092,4.649187071,4.865641635,4.265660006,4.710430697,4.34142163,0.020295277,0.054545455
2010-01-31,0.016973357,0.006471629,0.004319091,0.005776851,-0.034969357,4.376670435,4.748093236,3.831071596,4.635890043,4.267675204,0.011821579,0.061578947
2010-02-28,0.040395499,0.008773738,0.011644012,0.009018934,0.033901552,3.698494913,4.173104396,2.887564697,3.934285426,3.01552306,-0.031114181,0.108947368
2010-03-31,0.032821655,-0.035868401,0.001299883,0.001292348,0.087615793,3.229226694,3.829363679,2.598030102,3.072880623,2.427790738,0.056134969,0.150434783
2010-04-30,-0.004546278,0.001396556,0.002853809,0.01328771,0.092647472,3.229463831,3.70372667,2.679959353,2.389456404,2.330102162,0.038540335,0.162272727
2010-05-31,0.056245339,0.043892281,0.029168868,0.034060544,0.067084272,3.267665989,3.716616209,2.484162325,2.602689685,2.270836395,-0.062243066,0.16
2010-06-30,0.022472856,-0.007329653,0.020515296,0.032154996,0.017186772,3.572015114,3.967965402,2.467868056,3.151667075,2.487507431,-0.037770897,0.123636364
2010-07-31,-0.002824712,-0.020311746,-0.00016949,0.022576985,-0.033163148,3.306189271,3.715059428,2.307297947,3.016955608,2.404901706,-0.003290097,0.157619048
2010-08-31,-0.005824388,-0.02882326,-0.00797998,0.01190717,-0.008084935,3.43294608,3.720628152,2.392817085,2.861278797,2.445148158,0.006903188,0.155
2010-09-30,0.004763478,-0.027963015,0.004197506,-0.003942306,-0.017400644,3.513742061,3.687036063,2.145192145,3.242910679,2.545900003,0.03150413,0.151904762
2010-10-31,0.010370507,-0.027589074,-0.00412295,-0.012992057,-0.037986576,3.746657255,3.789582299,2.237302801,3.566438748,2.770728257,0.04317112,0.1345
2010-11-30,0.010820862,0.016033967,-0.000217469,-0.001910604,0.01606503,3.801208639,3.669461368,2.380581599,3.473138506,2.689226116,0.023037617,0.143
2010-12-31,0.007163821,-0.031560282,0.001862487,-0.01918128,0.001054852,4.039081884,3.681334937,2.385760229,3.61596184,3.445327447,0.034946289,0.140909091
2011-01-31,0.005479229,0.039034968,0.005412524,0.02082395,0.006201081,4.113889158,3.593610392,3.493883936,3.735474228,2.610214906,0.032562473,0.152
2011-02-28,0.02088443,0.004561207,0.013328424,0.012846717,-0.003568808,4.326741319,3.734796019,3.639907501,3.802492675,2.464022761,0.029574967,0.132105263
2011-03-31,0.010374733,-0.029348001,0.026283709,-0.002649008,0.004546257,4.506521105,4.002085279,3.469461491,3.871020619,3.234340051,-0.012669108,0.100434783
2011-04-30,-0.011745101,-0.026902291,-0.007290072,-0.00033162,-0.0135244,5.068742925,4.536543548,4.567104361,4.287997685,3.791929611,0.020500721,0.0585
2011-05-31,0.007817465,0.025180732,0.022530591,0.018012583,0.007926065,5.602290436,4.891419547,5.069562169,4.558882701,4.215094768,0.005098454,0.040952381
2011-06-30,0.034016675,-0.008422345,0.041270387,0.040131157,0.015147848,5.831095386,4.987857514,5.261994888,4.608579004,4.48189956,-0.038870515,0.037272727
2011-07-31,0.055545244,-0.000316247,0.017359859,-0.009337782,0.002795467,5.936656311,4.985978236,5.449033584,4.662180441,4.667205577,0.029013874,0.0375
2011-08-31,0.06711544,0.049463164,0.026064445,0.024863633,0.023804567,6.487901433,5.418240967,6.322567126,5.304547916,5.199187401,-0.111551019,0.024347826
2011-09-30,0.008908745,0.081489473,0.040741508,0.014529582,-0.008109522,7.127306178,5.985325049,6.215761039,5.955748032,6.446868585,-0.009687391,0.013809524
2011-10-31,-0.023239124,0.019331961,0.029164874,0.03655417,0.008412354,7.017317481,5.666244555,6.607112384,6.213554912,6.578337052,0.028003755,0.019
2011-11-30,-0.073047142,0.033644125,-0.090780005,-0.000322104,0.021665101,7.368790238,5.971626205,7.31885384,6.680137447,6.215678953,0.015778045,0.014
2011-12-31,-0.047292263,0.00141271,-0.064638969,-0.065661815,0.010805606,7.602775704,6.169087583,7.292511599,7.006128943,6.589339047,0.0136932,0.011428571
2012-01-31,-0.023599732,-0.033652705,0.003209339,-0.005739662,0.003413805,6.506628572,5.066074571,6.261251646,5.943977881,5.16063659,0.045020112,0.0345
2012-02-29,-0.011831712,-0.033317405,-0.034223027,0.005113977,0.022148233,5.366585338,4.092077502,5.259416543,4.889858652,4.093891561,0.039136723,0.092
2012-03-31,0.051982566,-0.004643799,0.000452046,-0.002977359,0.007117468,5.326563316,4.189294317,5.480243702,5.022955484,4.344577325,0.02681237,0.084090909
2012-04-30,0.004220688,0.029381754,0.003188644,-0.004845367,-0.012848142,5.375120567,4.195705613,5.225196669,5.103877221,4.498767461,-0.002026473,0.083809524
2012-05-31,-0.004220688,0.063189752,0.020629094,0.000283818,0.001913876,5.314430505,4.129056558,5.173812152,5.039125729,4.468733926,-0.033112056,0.089545455
2012-06-30,-0.001310022,-0.003236899,-0.00501402,-0.002683718,0.000955566,5.315358832,4.111386028,5.150295411,4.986705411,4.459060011,-0.013350731,0.091428571
2012-07-31,0.000100832,-0.012603976,-0.004148154,0.000821667,-0.071759692,5.260096154,4.001635164,4.906142485,4.913303464,4.540945341,0.027051891,0.097142857
2012-08-31,0.008233805,0.010641757,-0.001336998,-0.006051887,0.009193119,4.901501189,3.894635426,4.59297161,4.747471275,4.445886297,0.031606245,0.102608696
2012-09-30,0.012205212,0.004458553,0.008378655,0.000730704,0.025002557,4.693638834,3.845616073,4.538897255,4.758449057,4.27614515,0.028088567,0.105263158
2012-10-31,0.021954639,0.041391027,0.005571455,0.005289593,0.03373626,4.528190963,3.853936353,4.582940379,4.764851001,4.280918429,-0.003889174,0.104761905
2012-11-30,0.018432598,0.01598666,0.00453416,0.010683527,0.036291389,4.652176228,3.965132831,4.505242947,4.84212171,4.558762209,-0.030580953,0.0935
2012-12-31,0.016784348,-0.029883929,0.005515589,-0.005484618,0.0301103,4.951794794,4.27119483,4.879409869,5.134957748,4.839677496,0.019720278,0.07
2013-01-31,-0.004338402,0.030415361,0.012117164,0.007358155,0.014963208,4.871962502,4.220214469,4.563294752,4.928089456,4.680215219,0.04004402,0.074285714
2013-02-28,-0.006486509,0.007909741,-5.74E-05,0.012555385,-0.004147193,4.574930301,3.930573284,4.540377675,4.781266734,4.339998794,0.021330222,0.098947368
2013-03-31,-0.010600169,0.029310109,-0.01893349,-0.001233046,-0.015107544,4.67186156,4.061235404,4.55085964,4.890262702,4.675296514,0.025150299,0.087
2013-04-30,-0.022283971,-0.01495746,-0.018911629,0.002464573,-0.012988476,5.125946141,4.446076755,4.878925733,5.276412531,5.110983268,0.0127332,0.06
2013-05-31,0.008250471,0.054137477,0.004383528,0.003532216,0.002351283,5.424086754,4.738510839,5.145536746,5.602232939,5.4988231,0.043077512,0.044090909
2013-06-30,0.003069234,0.049256709,0.016035031,0.001746137,0.022203523,5.298317367,4.622348523,5.036955817,5.458953336,5.331905338,-0.012932193,0.0505
2013-07-31,-0.003165904,-0.016445688,0.016996298,-0.007434522,0.006045635,5.63203857,4.972169851,5.420816222,5.858006412,5.748698641,0.030362025,0.035454545
2013-08-31,-0.001596401,0.023982385,0.003865707,-0.002006328,-0.012405397,5.414246834,4.759142278,5.284473108,5.659191814,5.410976185,0.000849524,0.043636364
2013-09-30,-0.008235221,-0.012475679,-0.005284013,-0.002010362,-0.017818467,6.43775165,5.755049727,6.194623621,6.734145663,6.430727035,0.010174949,0.016
2013-10-31,-0.01349519,-0.00564335,-0.02297669,-0.004032889,0.008062292,5.383965635,4.668235266,5.330925189,5.670676363,5.314625963,0.019285067,0.047272727
2013-11-30,-0.001435893,0.025939576,0.014737262,0.001242622,0.031252544,5.07855955,4.315501646,4.906839121,5.27001359,4.956754676,0.036261004,0.067894737
2013-12-31,-0.004987145,0.024059614,0.001620934,-0.011176789,-0.001267772,4.938064601,4.347046916,4.960448405,5.319589502,5.004365681,0.013496225,0.066666667
2014-01-31,-0.008682312,0.046395787,-0.002635353,0.015977418,0.001267772,5.313584839,4.803516504,5.38582093,5.765673263,5.447996526,0.008033596,0.043333333
2014-02-28,-0.002917654,-0.002496337,0.00072469,0.003854758,0.038175963,5.185148668,4.666759049,5.021414984,5.54490397,5.246023572,-0.002924628,0.052631579
2014-03-31,0.023480353,-0.019784191,0.003759947,0.006870771,0.064756267,5.241747015,4.691431282,4.966600882,5.472538018,5.430780006,0.025263054,0.052380952
2014-04-30,-0.010168841,-0.014400873,0.002018746,0.00239671,0.017963101,5.826680611,5.224070331,5.547693327,5.97345723,6.293852855,0.000397018,0.030952381
2014-05-31,0.009597857,-0.013523582,0.008891497,0.010541181,0.073047724,5.742720342,5.176249429,5.468703845,5.86991985,6.306345057,0.013587637,0.032380952
2014-06-30,0.019754355,0.024376141,0.000958992,0.011162572,-0.071925659,5.583496309,5.095221511,5.358976152,5.694943526,6.464214402,0.029881111,0.035714286
2014-07-31,0.016127837,-0.001227405,0.001465252,-0.007924007,-0.016475902,5.897532727,5.433759648,5.730451826,6.107253258,6.759455267,0.013271183,0.026363636
2014-08-31,-0.010505301,0.002190237,0.005935915,0.000736626,-0.009820046,5.795132253,5.208345089,5.784896181,5.931668386,6.071219588,-0.005880158,0.032857143
2014-09-30,0.00984006,0.046535577,0.006941925,0.004961822,0.024371637,6.272877007,5.702948794,5.912689019,6.29710932,6.4690565,0.016028775,0.02
2014-10-31,0.021257384,-0.011361137,0.004209351,0.015946935,0.015923903,6.492239835,5.855490018,6.033261094,6.445204886,6.493680239,-0.028472517,0.016818182
2014-11-30,0.021270541,0.009435216,0.008776829,0.018344322,0.004728141,6.238925406,5.601408946,5.775666547,6.321874489,6.280827898,0.053906518,0.021666667
2014-12-31,0.007443077,0.04163404,0.005265807,-0.00780404,-0.001967343,5.962132282,5.337800966,5.503383855,6.117546386,6.004581271,0.004730255,0.029090909
2015-01-31,0.033961838,-0.008192934,0.011175755,0.034774914,0.0187286,6.03591631,5.383994521,5.74479128,6.22833168,6.061160202,-0.012780684,0.0275
2015-02-28,0.005665738,0.007893874,-0.001284206,0.029927421,0.04755613,6.532847903,5.793529078,6.110926409,6.318809119,6.528162145,0.026284905,0.017894737
2015-03-31,0.028026002,0.038606424,0.006024197,0.00896867,0.093599774,6.17310281,5.341039195,5.758187551,5.546841019,6.002145012,-0.0010597,0.027727273
2015-04-30,0.011595794,-0.001095811,0.01975147,0.038611762,-0.010188678,6.417628971,5.521382483,6.043994674,5.690094448,6.33852479,0.007124785,0.023181818
2015-05-31,0.011727125,0.000673372,0.029406162,0.070572603,-0.016479569,6.736283738,5.84906276,6.548560982,6.085396367,6.785416427,0.008120524,0.0165
2015-06-30,0.075270328,0.016140517,0.018787476,0.05143883,0.023575392,6.82437367,5.957131868,6.623089099,6.195765011,6.880897825,-0.006012453,0.015
2015-07-31,0.020616161,0.02101218,0.03571541,-0.016846172,0.036367644,6.114554291,5.234251973,6.054254382,5.507961762,6.128295069,-0.002451457,0.032272727
2015-08-31,0.074318003,0.045948181,0.012200173,-0.002040745,0.102369033,5.417424029,4.451706356,5.278502812,4.719326343,5.320430334,-0.026260492,0.071904762
2015-09-30,0.020651125,0.038992034,0.017728451,0.018080141,0.231548924,6.641028572,5.549648135,6.578323494,5.831709959,6.40520415,-0.047929542,0.024285714
2015-10-31,-0.009913212,-0.012102157,-0.025528177,0.003453042,0.119512403,7.148345744,5.912096612,6.595708604,6.344583175,6.783687536,0.040522545,0.016666667
2015-11-30,-0.071139693,0.056143031,-0.002320045,-0.008006226,-0.047272851,5.094261318,3.921354333,4.260574964,4.375547356,5.120491937,0.027187028,0.126315789
2015-12-31,0.001345567,0.079696237,-0.000122257,-0.004480929,-0.053353685,4.456241105,3.389968235,3.503756932,3.703484016,4.705438234,-0.012836406,0.228636364
2016-01-31,0.019099772,0.054756203,0.000708882,0.0169126,0.020996369,4.377671562,3.284410782,3.127104554,3.55669101,4.629321977,-0.068233182,0.257368421
2016-02-29,-0.016443532,-0.03759665,-0.006103035,0.000960461,0.015957785,4.206044243,3.093352257,2.658793403,3.32924761,4.453256007,-0.007417943,0.3145
2016-03-31,-0.007692915,-0.03462365,-0.001599311,-0.000228598,-0.014172071,4.022507983,3.167196169,2.619727164,3.363704024,4.515586697,0.059887703,0.297272727
2016-04-30,-0.011545566,-0.041786053,-0.003947698,0.002511704,-0.165251315,4.179353239,3.448455405,2.963598878,3.576009954,4.784145859,0.026154651,0.228095238
2016-05-31,0.006528173,0.053397218,-0.003814435,-0.001140901,0.071028858,3.979569048,3.253451848,2.776693103,3.361880278,4.313988019,-0.004822071,0.276666667
2016-06-30,0.004720326,-0.023053238,0.003814435,0.000684697,0.029981246,4.020578412,3.273016728,2.936701015,3.284413846,4.174682098,0.008839998,0.272727273
2016-07-31,0.004424277,-0.054375017,0.002715716,-0.001232792,-0.055595671,3.954305727,3.195073182,2.698025966,3.223516204,4.078606752,0.03072002,0.301
2016-08-31,-0.002791502,-0.017070855,-0.000863292,-0.001165701,0.003864206,3.926718559,3.192612313,2.74465035,3.220326151,4.106432552,0.013212229,0.299565217
2016-09-30,0.003183655,0.003582324,-0.000493644,-0.00194586,0.010711274,3.876446131,3.208335028,2.724398183,3.23275958,4.08848601,-0.009130597,0.294285714
2016-10-31,0.01996495,-0.006855513,0.001849911,0.000733004,-0.024276445,3.750302267,3.102562297,2.508434932,3.120362935,3.920134812,-0.006822153,0.3315
2016-11-30,0.041389916,0.019961243,0.003615929,-0.001306037,-0.002592716,3.439142313,2.806870036,2.431682637,2.778098378,3.598446862,0.010197269,0.4525
2016-12-31,-0.000695459,-0.0200173,0.004898729,-0.000573362,0.002795783,3.315791481,2.699605341,2.391569925,2.628302024,3.454504461,0.037017129,0.511904762
2017-01-31,0.001918292,-0.028957944,0.015155663,0.022008829,0.006476444,3.294908725,2.661713672,2.705551542,2.621564172,3.221473604,0.012600148,0.519
2017-02-28,-0.003450006,-0.031341068,-0.005357026,0.003025043,-0.016424237,3.237108593,2.622855355,2.490375004,2.596298938,3.372317682,0.023798826,0.526315789
2017-03-31,0.002783191,-0.012441867,-0.003878793,-0.000671441,-0.014719439,2.74158993,2.270758372,1.950800993,2.264665858,2.936050158,0.015718334,0.747826087
2017-04-30,0.007247713,0.036615063,0.003636808,0.000604318,-0.022733035,2.564047509,2.220214918,2.039133377,2.172767035,2.816842322,-0.00317922,0.808421053
2017-05-31,-0.002050016,-0.02660751,0,0.000514501,-0.009250661,2.472075138,2.107693673,1.723846251,2.014332484,2.73336046,0.01515867,0.903181818
2017-06-30,-0.007214738,-0.00998823,0.00277929,0.001117568,-0.006196975,2.371153246,1.996425811,1.625551251,1.71109732,2.488313034,0.016002368,0.999090909
2017-07-31,0.003765928,0.017145831,0.003108474,-2.23E-05,-0.031183906,2.229573903,1.901138591,1.860958337,1.498076917,2.426840973,0.008231095,1.0865
2017-08-31,-0.000680808,-0.001216006,-0.005633682,0.000469017,0.009325112,2.260867584,1.93928396,1.778914829,1.371975826,2.453031121,0.000863708,1.032173913
2017-09-30,-0.00023463,0.006074747,-0.002070833,0.001673267,0.047210385,2.236931123,1.914361791,1.803407668,1.365535711,2.3057335,0.014798202,1.0465
2017-10-31,0.011211561,0.042052208,0.003750988,0.000980349,0.034853229,2.12997235,1.89830069,1.898282419,1.297063227,2.263096051,0.025410606,1.093333333
2017-11-30,-0.001057787,0.018699497,-0.000966651,-0.001314778,0.023987271,1.95122729,1.785360517,1.864601317,1.16276993,2.178453406,0.014215446,1.25047619
2017-12-31,-0.00240823,-0.09227705,-0.002129926,-0.000825405,-0.00723105,1.834443315,1.724841011,1.570438608,1.09250597,2.019934447,0.026907485,1.3415
2018-01-31,0.001583205,-0.055149797,-0.006856169,0.003330904,-0.017418085,1.792424142,1.627165485,1.452877416,0.962417779,1.93960654,0.046014714,1.432380952
2018-02-28,0.001649372,-0.029239482,-0.010792354,0.003275506,-0.00408268,1.700913952,1.49909317,1.186678306,0.775965157,1.865112504,-0.030811965,1.587894737
2018-03-31,0.008036017,0.005501352,-0.002716386,0.000664894,-0.021973225,1.617130258,1.404562766,1.157271384,0.378066134,1.712858323,-0.000880727,1.726666667
2018-04-30,0.008287622,0.030023709,-0.006051906,0.008537727,0.010090063,1.582172085,1.365116288,1.036387077,0.136688853,1.632056341,-0.018351863,1.788095238
2018-05-31,0.010471995,0.027901023,0.003699983,0.002424456,0.052224345,1.533137098,1.305366381,1.01041907,0.005488619,1.628963674,0.017878099,1.899545455
2018-06-30,0.030190448,0.066796886,0.000867142,-0.002413473,-0.014096932,1.62215202,1.291377805,1.023682255,0.333021407,1.634524148,0.019377699,1.935238095
2018-07-31,-0.030169323,-0.006483574,-0.003373688,0.000735629,-0.013389363,1.66085056,1.265335783,0.906455945,0.363787333,1.604783987,0.014164081,1.994761905
2018-08-31,0.001447863,0.077952305,0.000968619,0.002280303,0.028222763,1.632045948,1.235503181,0.988588633,0.356381215,1.569769018,0.02271265,2.072608696
2018-09-30,0.014836172,0.01863704,0.001413989,0.00096318,0.104879418,1.530043188,1.192470346,0.750249239,0.319381395,1.526035167,0.015168777,2.165263158
2018-10-31,-0.010651486,-0.015111086,0.002846713,0.00313485,0.046919682,1.612406742,1.145875338,0.614806921,0.265333094,1.449632025,-0.040813279,2.293181818
2018-11-30,-0.005709162,-0.031050135,0.013747608,0.003809736,0.001685275,1.542368812,1.129034989,0.71318705,0.234035992,1.419437411,-0.022596246,2.374
2018-12-31,-0.006788617,0.021126759,-0.004079993,-0.000489011,0.005080736,1.499046215,1.139058913,0.942392355,0.372263049,1.406209824,-0.058960868,2.412105263
2019-01-31,-0.005470606,-0.047505675,-0.009544029,0.006932437,-0.001089553,1.503422303,1.129562535,0.446864696,0.367422483,1.404159368,0.015492088,2.423809524
2019-02-28,-0.004134306,0.023855969,-0.009810697,0.008384441,-0.000629129,1.391247532,1.089866615,0.29551241,0.409056808,1.403670052,0.055018432,2.437894737
2019-03-31,0.009409422,0.02859608,0.002169117,-0.001242476,0.010890763,1.404943368,1.052829436,0.389075629,0.450431424,1.395902624,0.017673042,2.453809524
2019-04-30,0.009558064,-0.01424887,0.008629722,-0.010818838,0.039825482,1.38305954,1.075945905,0.682852227,0.519478624,1.404478003,0.034979029,2.432857143
2019-05-31,0.004313108,0.014347549,-0.000493949,-0.00379919,0.060167066,1.30925766,1.093112038,0.688232532,0.543902171,1.416347017,-0.017051395,2.403181818
2019-06-30,-0.012562713,0.00584216,0.007677959,0.000108749,-0.024865365,1.454009853,1.162812839,0.449212848,0.661333077,1.5307272,0.012345111,2.2195
2019-07-31,-0.005631095,-0.015481335,0.01298166,0.000217462,-0.017318804,1.508986333,1.185623666,0.382066992,0.718464989,1.564625839,0.036002054,2.145
2019-08-31,-0.001319373,0.067701302,0,5.44E-05,0.024186146,1.50886155,1.255831365,0.66104407,0.793241513,1.677760086,-0.033468326,1.990454545
2019-09-30,-0.003961798,-0.02310639,0.00480393,-0.000532837,0.007351994,1.503474131,1.259643941,1.143947011,0.844228502,1.756734302,0.02879886,1.9345
2019-10-31,0.007678647,-0.005899806,-0.002266317,0.001402167,0.004241788,1.61024993,1.402244198,1.262200941,0.963622765,1.843343813,-0.001503661,1.678636364
2019-11-30,-0.003243027,-0.005338156,-0.013853667,0.000922835,0.068463631,1.69934655,1.493137289,0.915563083,1.00619937,1.952364952,0.04184009,1.572105263
